<LanguagePackTable>
	<Product ProductName="Crystal Reports XI Release 3.1">
		<LanguagePack LangCode="sr" Lcid="2074"/>
		<LanguagePack LangCode="ar" Lcid="1025"/>
		<LanguagePack LangCode="bg" Lcid="1026"/>
		<LanguagePack LangCode="ca" Lcid="1027"/>
		<LanguagePack LangCode="zh_TW" Lcid="1028"/>
		<LanguagePack LangCode="zh_CN" Lcid="2052"/>
		<LanguagePack LangCode="cs" Lcid="1029"/>
		<LanguagePack LangCode="da" Lcid="1030"/>
		<LanguagePack LangCode="de" Lcid="1031"/>
		<LanguagePack LangCode="el" Lcid="1032"/>
		<LanguagePack LangCode="en" Lcid="1033"/>
		<LanguagePack LangCode="es" Lcid="3082"/>
		<LanguagePack LangCode="fi" Lcid="1035"/>
		<LanguagePack LangCode="fr" Lcid="1036"/>
		<LanguagePack LangCode="he" Lcid="1037"/>
		<LanguagePack LangCode="hu" Lcid="1038"/>
		<LanguagePack LangCode="is" Lcid="1039"/>
		<LanguagePack LangCode="it" Lcid="1040"/>
		<LanguagePack LangCode="ja" Lcid="1041"/>
		<LanguagePack LangCode="ko" Lcid="1042"/>
		<LanguagePack LangCode="nl" Lcid="1043"/>
		<LanguagePack LangCode="nb" Lcid="1044"/>
		<LanguagePack LangCode="nn" Lcid="2068"/>
		<LanguagePack LangCode="pl" Lcid="1045"/>
		<LanguagePack LangCode="pt" Lcid="1046"/>
		<LanguagePack LangCode="ro" Lcid="1048"/>
		<LanguagePack LangCode="ru" Lcid="1049"/>
		<LanguagePack LangCode="hr" Lcid="1050"/>
		<LanguagePack LangCode="sk" Lcid="1051"/>
		<LanguagePack LangCode="sq" Lcid="1052"/>
		<LanguagePack LangCode="sv" Lcid="1053"/>
		<LanguagePack LangCode="th" Lcid="1054"/>
		<LanguagePack LangCode="tr" Lcid="1055"/>
		<LanguagePack LangCode="id" Lcid="1057"/>
		<LanguagePack LangCode="uk" Lcid="1058"/>
		<LanguagePack LangCode="be" Lcid="1059"/>
		<LanguagePack LangCode="sl" Lcid="1060"/>
		<LanguagePack LangCode="et" Lcid="1061"/>
		<LanguagePack LangCode="lv" Lcid="1062"/>
		<LanguagePack LangCode="lt" Lcid="1063"/>
		<LanguagePack LangCode="fa" Lcid="1065"/>
		<LanguagePack LangCode="vi" Lcid="1066"/>
		<LanguagePack LangCode="hy" Lcid="1067"/>
		<LanguagePack LangCode="eu" Lcid="1069"/>
		<LanguagePack LangCode="mk" Lcid="1071"/>
		<LanguagePack LangCode="af" Lcid="1078"/>
		<LanguagePack LangCode="fo" Lcid="1080"/>
		<LanguagePack LangCode="hi" Lcid="1081"/>
		<LanguagePack LangCode="sw" Lcid="1089"/>
		<LanguagePack LangCode="gu" Lcid="1095"/>
		<LanguagePack LangCode="ta" Lcid="1097"/>
		<LanguagePack LangCode="te" Lcid="1098"/>
		<LanguagePack LangCode="kn" Lcid="1099"/>
		<LanguagePack LangCode="mr" Lcid="1102"/>
		<LanguagePack LangCode="gl" Lcid="1110"/>
		<LanguagePack LangCode="kok" Lcid="1111"/>
		<LanguagePack LangCode="az" Lcid="1068"/>
		<LanguagePack LangCode="bn" Lcid="1093"/>
		<LanguagePack LangCode="bs" Lcid="5146"/>
		<LanguagePack LangCode="ka" Lcid="1079"/>
		<LanguagePack LangCode="kk" Lcid="1087"/>
		<LanguagePack LangCode="ms" Lcid="1086"/>
		<LanguagePack LangCode="ml" Lcid="1100"/>
		<LanguagePack LangCode="mt" Lcid="1082"/>
		<LanguagePack LangCode="mn" Lcid="1104"/>
		<LanguagePack LangCode="pa" Lcid="1094"/>
		<LanguagePack LangCode="se" Lcid="1083"/>
		<LanguagePack LangCode="syr" Lcid="1114"/>
		<LanguagePack LangCode="tn" Lcid="1074"/>
		<LanguagePack LangCode="uz" Lcid="1091"/>
		<LanguagePack LangCode="cy" Lcid="1106"/>
		<LanguagePack LangCode="xh" Lcid="1076"/>
		<LanguagePack LangCode="zu" Lcid="1077"/>
	</Product>
</LanguagePackTable>